{
  "sizes": [
    50,
    200,
    1000,
    5000,
    20000
  ],
  "bst_insert": [
    0.000114,
    0.001717,
    0.047931,
    0.912371,
    15.239498
  ],
  "bst_search": [
    9.5e-05,
    0.002046,
    0.040866,
    0.95988,
    14.167511
  ],
  "bst_height": [
    50,
    200,
    1000,
    5000,
    20000
  ],
  "bst_in_order": [
    9e-06,
    4.2e-05,
    0.000204,
    0.001135,
    0.002865
  ],
  "heap_insert": [
    5e-05,
    0.000231,
    0.001037,
    0.004295,
    0.019307
  ],
  "heap_extract": [
    1.9e-05,
    9.5e-05,
    0.000455,
    0.002369,
    0.019071
  ],
  "dll_insert": [
    1.9e-05,
    9.6e-05,
    0.000397,
    0.00217,
    0.006862
  ],
  "dll_traverse": [
    3e-06,
    1.1e-05,
    4.1e-05,
    0.000171,
    0.000662
  ]
}